{
    "actividades": [
        "Soporte técnico",
        "Instalación de software", 
        "Mantenimiento preventivo",
        "Reparación de equipo",
        "Configuración de red",
        "Asesoría técnica"
    ],
    "tipos_solicitud": [
        "Soporte Técnico",
        "Mantenimiento",
        "Instalación",
        "Capacitación",
        "Consulta",
        "Reparación",
        "Otro"
    ],
    "medios_solicitud": [
        "Presencial",
        "Teléfono",
        "Email",
        "WhatsApp",
        "Sistema Web",
        "Otro"
    ],
    "tipos_actividad": [
        "Hardware",
        "Software",
        "Red/Conectividad",
        "Impresoras",
        "Configuración",
        "Revisión",
        "Otro"
    ],
    "dependencias": [
        "ALCALDÍA",
        "ALMACEN MUNICIPAL",
        "ARCHIVO GENERAL",
        "BIBLIOTECAS",
        "CASA DE JUSTICIA",
        "CATASTRO",
        "CENTRO DÍA",
        "COMUNICACIONES",
        "CONCEJO MUNICIPAL",
        "CONTABILIDAD",
        "CONTRATACION",
        "CONTROL INTERNO",
        "DEPARTAMENTO GENERAL",
        "DEPARTAMENTO JURIDICO",
        "DESARROLLO COMUNITARIO",
        "DESARROLLO ECONOMICO",
        "EDUCACION Y CULTURA",
        "EJECUCIONES FISCALES",
        "GESTION HUMANA",
        "GESTIÓN PREDIAL",
        "GOBIERNO",
        "HACIENDA",
        "IMPUESTOS",
        "INFRAESTRUCTURA",
        "NOMINA",
        "OFICINA DE SISTEMAS",
        "PARQUE EDUCATIVO",
        "PERSONERÍA",
        "PLANEACIÓN",
        "PRESUPUESTO",
        "PROYECCIÓN SOCIAL",
        "SAIMYR",
        "SEGURIDAD Y SALUD EN EL TRABAJO",
        "SIGIN Y GINAT",
        "SISBEN",
        "TESORERIA"
    ]
}